user_id,full_name,email,birth_date
1,Vüsal Talıblı,vusalcabbarli@example.net,2003-06-05
2,Rəxşəndə Manaf,baharliafiq@example.net,1967-11-23
3,Dünya Niyazi,hacibeyliroya@example.net,1984-05-26
4,Coşqun Məmmədli,nebibeyliramid@example.org,2005-07-09
5,Hilal İldırımoğlu,meherremzadesefure@example.com,1961-03-28
6,Mümtaz Dağlı,firudin1987@example.org,1966-04-21
7,Xamis Qədirzadə,nihad2001@example.com,1981-02-22
8,Orxan Tahir ,fibrahimova@example.net,1969-07-25
9,Dürdanə Eldar,rovshenovebdul@example.org,1972-10-04
10,Cəmil Lətif,arzu_2011@example.com,1965-09-08
11,Tunar Ələkbərli,dunyamalirehimli@example.org,1966-09-12
12,İnayət Şahbuzlu,sedaqet1994@example.org,2000-07-11
13,Pəri Tahirzadə,nurelipasha@example.net,1992-12-03
14,Firdovsi Məlikzadə,etibarisabeyli@example.net,1994-02-16
15,Məsmə Dəmirbəyli,turkan_2005@example.org,1992-11-04
16,Nurlan Əylisli,esmer_53@example.com,1973-05-27
17,Elçin Nəsirli,lacin98@example.org,1983-09-02
18,Bəşir Məmmədli,tamilla_1985@example.net,2004-06-18
19,Rəfiqə Yunis,aynur_03@example.org,1993-04-24
20,Xalidə Bağırova,umid_23@example.com,1988-09-02
21,Ceyran Turallı,vbaharli@example.net,1992-10-05
22,Arifə Coşqun,axundlusebire@example.org,1963-03-12
23,Lətafət Cuvarlı,huseynovbehbud@example.net,1987-11-27
24,Elmira Heydərli,oyusifzade@example.com,2006-06-14
25,Minurə Hacızadə,musaxanliheci@example.net,1995-08-13
26,Sənan Musaxanlı,pashaesgeroglu@example.com,1977-10-01
27,Arifə Abbaszadə,shirvanzadenazim@example.com,1997-07-21
28,Gülmira Musazadə,zaman49@example.org,1961-01-15
29,Məhərrəm Əsgərli,yamen74@example.net,1986-02-12
30,Çimnaz Bəşir,elmartapdiqoglu@example.com,1995-01-16
31,Solmaz Abbaslı,axundzadeshahin@example.org,1964-05-15
32,Nüsrət Mikayıl,semed_43@example.net,1988-04-04
33,Süleyman Coşqun,muganlimerziyye@example.com,1987-10-03
34,Solmaz Ağahadi,ehed82@example.org,2004-04-16
35,Fizzə Əkbərova,fikret_1985@example.org,1987-12-21
36,Eldəniz Həsənzadə,cingizogluadil@example.org,1968-12-09
37,Saleh Əfəndizadə,gulbalaemirli@example.org,1975-11-02
38,Firuzə Aslanova,xanlar_35@example.com,1965-08-21
39,Afiq Ağaoğlu,mirehmedovhilal@example.com,1992-11-20
40,Zərnigar Rəsulzadə,shahbuzlubeshir@example.net,1978-04-19
41,Afiq Vahid,zerdusht2023@example.org,2004-03-13
42,Günay Nəzərli,heyder_1987@example.com,2007-06-18
43,Röyalə İsmayılqızı,elman_1995@example.org,2005-01-30
44,Qaratel Şirvanzadə,isaxanliasef@example.org,1962-03-04
45,Müntəzir Abdullazadə,muxtar51@example.net,1957-03-11
46,Gülçöhrə Əlixanlı,akife_48@example.net,1997-02-16
47,Fizzə Məlikzadə,nfikretoglu@example.com,1963-05-28
48,Natəvan Qəşəm ,nebiogluorxan@example.org,1993-04-17
49,Səbinə Nihal,mahmudshixli@example.com,1961-09-17
50,Veysəl Sabir,aytekin_2008@example.org,2002-05-10
51,Nuşirəvan Əbdül,refendizade@example.com,1970-04-14
52,Xalisə Lazım,qenire_62@example.net,1967-07-06
53,Salman  Abbaslı,qarabagliemine@example.com,1986-02-25
54,Vüsal Eyvazalı,budaqlialiye@example.net,1963-11-09
55,Sara Mehman,axundzadekamile@example.org,1996-09-16
56,Bəşir Mirələmov,hacizadeshamxal@example.net,1996-03-27
57,Anar Vilayətoğlu,nakif_43@example.org,1986-04-22
58,Gültac Rzaquluzadə,oyaqubov@example.net,1998-03-02
59,Xumar İsabəyli,resulzadeejder@example.com,1962-03-20
60,Günay İbrahimli,coshqun2010@example.net,1983-07-18
61,Ədibə Arzulu,ekberzadenihad@example.com,1989-05-17
62,Mahizər Yalçın,tabbaszade@example.org,1973-11-07
63,Yusif Rzaquluzadə,elarizvelizade@example.net,1980-01-24
64,Ceyla Elşən,shahbuzludilaver@example.net,1980-05-23
65,Ədalət Ağaoğlu,memmedliramiz@example.org,1955-09-07
66,Tovuz Əhmədli,axundovcumshud@example.org,1972-07-18
67,Zahir Zamiq,esultanli@example.org,1996-01-21
68,Gülər Nuşirəvan,feridqoshali@example.net,1978-10-08
69,Röya Eyvazlı,islamcemenli@example.net,1957-05-16
70,Mirzə Qoşalı,zohre1971@example.com,1957-01-24
71,Lütfiyyə Uğurlu,melikzadeimam@example.net,1982-04-14
72,Mikayıl Rzaquluzadə,sahibe_1971@example.com,1960-09-07
73,Manaf Qulu,kenan_37@example.org,1997-05-05
74,Rəşid Əfəndizadə,sadiq_59@example.net,1956-05-28
75,Şəhla Babayeva,yalcin_2003@example.org,1966-02-01
76,Şükür Şahbuzlu,reshid1984@example.com,1982-06-19
77,Hicran Şükürlü,ihuseynova@example.com,1960-12-12
78,Mətanət Əlixanlı,elekberlixudaverdi@example.com,1975-07-17
79,Gültac Makulu,tapdiqlishukufe@example.com,1966-01-07
80,Fatma Əbdülrəhmanlı,gvefali@example.com,1968-04-21
81,Fariz Qoçulu,vefaliceyla@example.net,2006-04-15
82,Maisə Seyidzadə,elman87@example.net,1958-01-25
83,Xanım Turallı,nazim_2024@example.net,1965-04-28
84,Ulduz İsa,tunarhacibeyli@example.org,1967-06-10
85,Saleh Əmirov,seferliimam@example.net,1957-03-16
86,Adil Əsgəroğlu,durna2000@example.org,1986-08-26
87,Bəhruz Musazadə,eldarxelilov@example.org,2005-11-23
88,Cavid İsaxanlı,subhan1979@example.com,1978-03-28
89,Suğra Heydərli,aygul_2021@example.com,1962-04-06
90,Fizzə Ziya,zerdusht1986@example.net,1969-06-20
91,Şirzad Rəhimli,mahmudovanergiz@example.net,2000-08-23
92,Ayçiçək Cabbarlı,aliye_2023@example.com,1985-08-21
93,Talıb Əzimzadə,qutqashinlimahizer@example.org,1955-05-13
94,Qulam Nəbioğlu,huseynabdullazade@example.net,2003-12-13
95,Yeganə Köçərli,elatliulfet@example.com,2007-07-09
96,Əşrəf Əlioğlu,eflatun47@example.org,1966-09-20
97,Ruqiyyə Cuvarlı,ismayilmemmedzade@example.org,1960-03-06
98,Vurğun Atabala,salman-_1983@example.net,1997-01-31
99,Validə İsabəyli,inayet94@example.net,1961-11-04
100,Ziba Tapdıqlı,bkerimov@example.org,1968-12-07
